<?xml version="1.0" encoding="UTF-8"?>
<project-private xmlns="http://www.netbeans.org/ns/project-private/1">
    <editor-bookmarks xmlns="http://www.netbeans.org/ns/editor-bookmarks/2" lastBookmarkId="0"/>
    <open-files xmlns="http://www.netbeans.org/ns/projectui-open-files/2">
        <group>
            <file>file:/C:/Users/Ismael/Desktop/segundo%20ciclo/objetos/EjecutarProyectoBimestral2%20(2)/EjecutarProyectoBimestral2/src/modelo/PlanPostPagoMinutosMegasEconomico.java</file>
            <file>file:/C:/Users/Ismael/Desktop/segundo%20ciclo/objetos/EjecutarProyectoBimestral2%20(2)/EjecutarProyectoBimestral2/src/db/Conexion.java</file>
            <file>file:/C:/Users/Ismael/Desktop/segundo%20ciclo/objetos/EjecutarProyectoBimestral2%20(2)/EjecutarProyectoBimestral2/src/controlador/FacturaDAO.java</file>
            <file>file:/C:/Users/Ismael/Desktop/segundo%20ciclo/objetos/EjecutarProyectoBimestral2%20(2)/EjecutarProyectoBimestral2/src/controlador/ClienteDAO.java</file>
            <file>file:/C:/Users/Ismael/Desktop/segundo%20ciclo/objetos/EjecutarProyectoBimestral2%20(2)/EjecutarProyectoBimestral2/src/modelo/Factura.java</file>
            <file>file:/C:/Users/Ismael/Desktop/segundo%20ciclo/objetos/EjecutarProyectoBimestral2%20(2)/EjecutarProyectoBimestral2/src/main/EjecutarProyectoBimestral2.java</file>
            <file>file:/C:/Users/Ismael/Desktop/segundo%20ciclo/objetos/EjecutarProyectoBimestral2%20(2)/EjecutarProyectoBimestral2/src/modelo/PlanPostPagoMegas.java</file>
            <file>file:/C:/Users/Ismael/Desktop/segundo%20ciclo/objetos/EjecutarProyectoBimestral2%20(2)/EjecutarProyectoBimestral2/src/controlador/PlanDAO.java</file>
            <file>file:/C:/Users/Ismael/Desktop/segundo%20ciclo/objetos/EjecutarProyectoBimestral2%20(2)/EjecutarProyectoBimestral2/src/modelo/Cliente.java</file>
            <file>file:/C:/Users/Ismael/Desktop/segundo%20ciclo/objetos/EjecutarProyectoBimestral2%20(2)/EjecutarProyectoBimestral2/src/modelo/PlanCelular.java</file>
            <file>file:/C:/Users/Ismael/Desktop/segundo%20ciclo/objetos/EjecutarProyectoBimestral2%20(2)/EjecutarProyectoBimestral2/src/modelo/PlanPostPagoMinutos.java</file>
            <file>file:/C:/Users/Ismael/Desktop/segundo%20ciclo/objetos/EjecutarProyectoBimestral2%20(2)/EjecutarProyectoBimestral2/src/modelo/PlanPostPagoMinutosMegas.java</file>
        </group>
    </open-files>
</project-private>
